{
    "loss": 0.1637888103723526,
    "accuracy": 0.9568965435028076
}